Year,Average Days Open
2020,3.847457627118644
2021,1.643765903307888
2022,2.0060422960725077
2023,3.7266355140186915
2024,3.3545454545454545
